id,title,company,location,salary_min,salary_max,created,category
5615131207,Machine Learning Engineer,Toyota Research Institute,"Los Altos, Santa Clara County",173494.45,173494.45,2026-02-04 23:00:17+00:00,IT Jobs
5630887285,Senior Machine Learning Engineer,Uare.ai,"Los Altos, Santa Clara County",115899.16,115899.16,2026-02-15 10:46:44+00:00,IT Jobs
5630887958,Senior Machine Learning Engineer,Ohalo,"South San Francisco, San Mateo County",229623.06,229623.06,2026-02-15 10:47:10+00:00,Scientific & QA Jobs
5615125644,Senior Machine Learning Engineer - Payments,Plaid,"San Francisco, California",195788.38,195788.38,2026-02-04 22:56:56+00:00,IT Jobs
5630879934,Senior Machine Learning Engineer - Ads,Nextdoor,"Bodega Bay, Sonoma County",126146.86,126146.86,2026-02-15 10:42:28+00:00,Engineering Jobs
5630895220,Senior Machine Learning Engineer (Platform),SmithRx,"Bodega Bay, Sonoma County",159714.62,159714.62,2026-02-15 10:50:50+00:00,IT Jobs
5620553189,Sr. Machine Learning Engineer (Perception and Tracking),Ouster,"San Francisco, California",231190.2,231190.2,2026-02-08 11:02:32+00:00,IT Jobs
5630947544,Senior Machine Learning Engineer - 3D Sensor Simulation,Zoox,"Foster City, San Mateo County",175541.06,175541.06,2026-02-15 12:19:04+00:00,Engineering Jobs
5591301074,Senior Machine Learning Engineer,Anno.ai,"Minneapolis, Hennepin County",152504.72,152504.72,2026-01-19 10:46:32+00:00,IT Jobs
5600165741,Senior Machine Learning Engineer,TheIncLab,"Nashville, Davidson County",186611.75,186611.75,2026-01-25 11:06:48+00:00,IT Jobs
5621160445,Senior Machine Learning Engineer,TensorWave,"Las Vegas, Clark County",97502.26,97502.26,2026-02-08 23:49:22+00:00,IT Jobs
5630882987,Senior Machine Learning Engineer,Xometry,"Lexington, Fayette County",144810.12,144810.12,2026-02-15 10:44:31+00:00,IT Jobs
5630880720,Senior Machine Learning Engineer,Xometry,"North Bethesda, Montgomery County",168711.25,168711.25,2026-02-15 10:42:55+00:00,IT Jobs
5630894691,Senior Machine Learning Engineer,SimpliSafe,"Boston, Suffolk County",124509.79,124509.79,2026-02-15 10:50:43+00:00,IT Jobs
5630889327,Senior Machine Learning Engineer,OneStudyTeam,"Boston, Suffolk County",155680.14,155680.14,2026-02-15 10:47:50+00:00,IT Jobs
5630891932,Senior Machine Learning Engineer,GiveCampus,"Washington, Washington, D.C.",125918.61,125918.61,2026-02-15 10:49:06+00:00,IT Jobs
5611163766,Machine Learning Engineer,Jobot,"Los Angeles, Los Angeles County",124605.05,124605.05,2026-02-02 20:39:33+00:00,IT Jobs
5630886878,Principal Machine Learning Engineer- Perception,Motional,"Pittsburgh, Allegheny County",247680.58,247680.58,2026-02-15 10:46:32+00:00,Engineering Jobs
5597260341,"Senior Machine Learning Engineer, Dating Outcomes",Match Group,"New York City, New York",113659.95,113659.95,2026-01-23 11:08:49+00:00,IT Jobs
5630888032,"Senior Machine Learning Engineer, Discover",Circle.so,"New York City, New York",103503.17,103503.17,2026-02-15 10:47:13+00:00,IT Jobs
5629721578,Senior/Staff Machine Learning Engineer - Perception Offline Driving Intelligence,Zoox,"Foster City, San Mateo County",152089.19,152089.19,2026-02-14 12:08:59+00:00,Engineering Jobs
5528336945,Machine Learning Engineer (PhD Intern),Instacart,"Cleveland, Cuyahoga County",84012.3,84012.3,2025-12-04 16:06:17+00:00,IT Jobs
5528337004,Machine Learning Engineer (PhD Intern),Instacart,"Tallahassee, Leon County",84036.49,84036.49,2025-12-04 16:06:18+00:00,IT Jobs
5528336946,Machine Learning Engineer (PhD Intern),Instacart,"Bowling Green, Warren County",86607.66,86607.66,2025-12-04 16:06:17+00:00,IT Jobs
5528337008,Machine Learning Engineer (PhD Intern),Instacart,"Joliet, Will County",91563.63,91563.63,2025-12-04 16:06:18+00:00,IT Jobs
5528340245,Machine Learning Engineer (PhD Intern),Instacart,"Anchorage, Alaska",84397.19,84397.19,2025-12-04 16:06:45+00:00,IT Jobs
5528336982,Machine Learning Engineer (PhD Intern),Instacart,"Vestal, Broome County",90199.97,90199.97,2025-12-04 16:06:18+00:00,IT Jobs
5528336981,Machine Learning Engineer (PhD Intern),Instacart,"Albuquerque, Bernalillo County",82799.06,82799.06,2025-12-04 16:06:18+00:00,IT Jobs
5528336975,Machine Learning Engineer (PhD Intern),Instacart,"Missoula, Missoula County",84585.82,84585.82,2025-12-04 16:06:18+00:00,IT Jobs
5528337040,Machine Learning Engineer (PhD Intern),Instacart,"Berrien Springs, Berrien County",91000.74,91000.74,2025-12-04 16:06:18+00:00,IT Jobs
5528337250,Machine Learning Engineer (PhD Intern),Instacart,"Annandale, Fairfax County",87287.68,87287.68,2025-12-04 16:06:20+00:00,IT Jobs
5528337047,Machine Learning Engineer (PhD Intern),Instacart,"Pierre, Hughes County",88536.87,88536.87,2025-12-04 16:06:18+00:00,IT Jobs
5528337028,Machine Learning Engineer (PhD Intern),Instacart,"Geneseo, Livingston County",95359.05,95359.05,2025-12-04 16:06:18+00:00,IT Jobs
5528337030,Machine Learning Engineer (PhD Intern),Instacart,"Eugene, Lane County",79008.77,79008.77,2025-12-04 16:06:18+00:00,IT Jobs
5528337002,Machine Learning Engineer (PhD Intern),Instacart,"Syracuse, Onondaga County",86474.2,86474.2,2025-12-04 16:06:18+00:00,IT Jobs
5528340452,Machine Learning Engineer (PhD Intern),Instacart,"Tucson, Pima County",87683.65,87683.65,2025-12-04 16:06:47+00:00,IT Jobs
5528336994,Machine Learning Engineer (PhD Intern),Instacart,"Tuscaloosa, Tuscaloosa County",84728.08,84728.08,2025-12-04 16:06:18+00:00,IT Jobs
5528359662,Machine Learning Engineer (PhD Intern),Instacart,"Hot Springs, Garland County",83819.59,83819.59,2025-12-04 16:09:34+00:00,IT Jobs
5528336980,Machine Learning Engineer (PhD Intern),Instacart,"Cambridge, Middlesex County",89453.05,89453.05,2025-12-04 16:06:18+00:00,IT Jobs
5528340616,Machine Learning Engineer (PhD Intern),Instacart,"San Diego, San Diego County",95450.77,95450.77,2025-12-04 16:06:48+00:00,IT Jobs
5528362120,Machine Learning Engineer (PhD Intern),Instacart,"Fargo, Cass County",84543.4,84543.4,2025-12-04 16:09:54+00:00,IT Jobs
5528362095,Machine Learning Engineer (PhD Intern),Instacart,"Bangor, Penobscot County",88525.55,88525.55,2025-12-04 16:09:53+00:00,IT Jobs
5528376406,Machine Learning Engineer (PhD Intern),Instacart,"Bridgeport, Fairfield County",86879.16,86879.16,2025-12-04 16:12:30+00:00,IT Jobs
5528362090,Machine Learning Engineer (PhD Intern),Instacart,"Owensboro, Daviess County",84254.2,84254.2,2025-12-04 16:09:53+00:00,IT Jobs
5528361987,Machine Learning Engineer (PhD Intern),Instacart,"Las Vegas, Clark County",84731.47,84731.47,2025-12-04 16:09:53+00:00,IT Jobs
5528373712,Machine Learning Engineer (PhD Intern),Instacart,"Kenner, Jefferson Parish",79914.34,79914.34,2025-12-04 16:11:53+00:00,IT Jobs
5528362108,Machine Learning Engineer (PhD Intern),Instacart,"Gulfport, Harrison County",84824.45,84824.45,2025-12-04 16:09:53+00:00,IT Jobs
5528361986,Machine Learning Engineer (PhD Intern),Instacart,"Manchester, Hillsborough County",87000.05,87000.05,2025-12-04 16:09:53+00:00,IT Jobs
5528362024,Machine Learning Engineer (PhD Intern),Instacart,"Binghamton, Broome County",88507.83,88507.83,2025-12-04 16:09:53+00:00,IT Jobs
5528362083,Machine Learning Engineer (PhD Intern),Instacart,"Allentown, Lehigh County",87321.31,87321.31,2025-12-04 16:09:53+00:00,IT Jobs
5528362087,Machine Learning Engineer (PhD Intern),Instacart,"Spokane, Spokane County",83983.85,83983.85,2025-12-04 16:09:53+00:00,IT Jobs
5528372108,Machine Learning Engineer (PhD Intern),Instacart,"Sterling Heights, Macomb County",86480.14,86480.14,2025-12-04 16:11:30+00:00,IT Jobs
5528362160,Machine Learning Engineer (PhD Intern),Instacart,"Kalamazoo, Kalamazoo County",87279.02,87279.02,2025-12-04 16:09:54+00:00,IT Jobs
5528373528,Machine Learning Engineer (PhD Intern),Instacart,"Kenosha, Kenosha County",88210.2,88210.2,2025-12-04 16:11:49+00:00,IT Jobs
5528362033,Machine Learning Engineer (PhD Intern),Instacart,"Chesapeake, Chesapeake City",83269.36,83269.36,2025-12-04 16:09:53+00:00,IT Jobs
5528375696,Machine Learning Engineer (PhD Intern),Instacart,"Memphis, Shelby County",89394.47,89394.47,2025-12-04 16:12:18+00:00,IT Jobs
5528373570,Machine Learning Engineer (PhD Intern),Instacart,"Seaford, Sussex County",88096.12,88096.12,2025-12-04 16:11:50+00:00,IT Jobs
5528362125,Machine Learning Engineer (PhD Intern),Instacart,"El Paso, El Paso County",84774.95,84774.95,2025-12-04 16:09:54+00:00,IT Jobs
5528362088,Machine Learning Engineer (PhD Intern),Instacart,"Hagerstown, Washington County",80910.73,80910.73,2025-12-04 16:09:53+00:00,IT Jobs
5528375901,Machine Learning Engineer (PhD Intern),Instacart,"Austin, Travis County",87952.32,87952.32,2025-12-04 16:12:22+00:00,IT Jobs
5528341403,Machine Learning Engineer (PhD Intern),Instacart,"Sioux City, Woodbury County",83107.44,83107.44,2025-12-04 16:06:55+00:00,IT Jobs
5528337034,Machine Learning Engineer (PhD Intern),Instacart,"Rochester Hills, Oakland County",85121.69,85121.69,2025-12-04 16:06:18+00:00,IT Jobs
5528337014,Machine Learning Engineer (PhD Intern),Instacart,"Auburn, Androscoggin County",87565.82,87565.82,2025-12-04 16:06:18+00:00,IT Jobs
5528343767,Machine Learning Engineer (PhD Intern),Instacart,"Gresham, Multnomah County",88225.68,88225.68,2025-12-04 16:07:11+00:00,IT Jobs
5528342143,Machine Learning Engineer (PhD Intern),Instacart,"Pittsburg, Crawford County",89649.31,89649.31,2025-12-04 16:07:00+00:00,IT Jobs
5528336950,Machine Learning Engineer (PhD Intern),Instacart,"Barre, Washington County",87223.44,87223.44,2025-12-04 16:06:17+00:00,IT Jobs
5528336932,Machine Learning Engineer (PhD Intern),Instacart,"Aberdeen, Brown County",89848.82,89848.82,2025-12-04 16:06:17+00:00,IT Jobs
5528337015,Machine Learning Engineer (PhD Intern),Instacart,"Salem, Marion County",80790.91,80790.91,2025-12-04 16:06:18+00:00,IT Jobs
5528342683,Machine Learning Engineer (PhD Intern),Instacart,"Meridian, Lauderdale County",78073.18,78073.18,2025-12-04 16:07:04+00:00,IT Jobs
5528336969,Machine Learning Engineer (PhD Intern),Instacart,"Richmond, Richmond County",83907.08,83907.08,2025-12-04 16:06:18+00:00,IT Jobs
5528337039,Machine Learning Engineer (PhD Intern),Instacart,"Racine, Racine County",86233.73,86233.73,2025-12-04 16:06:18+00:00,IT Jobs
5528340892,Machine Learning Engineer (PhD Intern),Instacart,"Bismarck, Burleigh County",80942.14,80942.14,2025-12-04 16:06:50+00:00,IT Jobs
5528337016,Machine Learning Engineer (PhD Intern),Instacart,"New Brunswick, Middlesex County",91901.05,91901.05,2025-12-04 16:06:18+00:00,IT Jobs
5528336931,Machine Learning Engineer (PhD Intern),Instacart,"Melbourne, Brevard County",89710.12,89710.12,2025-12-04 16:06:17+00:00,IT Jobs
5528337058,Machine Learning Engineer (PhD Intern),Instacart,"San Antonio, Bexar County",82320.35,82320.35,2025-12-04 16:06:19+00:00,IT Jobs
5528346196,Machine Learning Engineer (PhD Intern),Instacart,"South Bend, St. Joseph County",92304.13,92304.13,2025-12-04 16:07:34+00:00,IT Jobs
5528337001,Machine Learning Engineer (PhD Intern),Instacart,"Orem, Utah County",97658.32,97658.32,2025-12-04 16:06:18+00:00,IT Jobs
5528337017,Machine Learning Engineer (PhD Intern),Instacart,"Edmond, Oklahoma County",84460.23,84460.23,2025-12-04 16:06:18+00:00,IT Jobs
5528362009,Machine Learning Engineer (PhD Intern),Instacart,"Wilmington, New Castle County",93420.77,93420.77,2025-12-04 16:09:53+00:00,IT Jobs
5528345044,Machine Learning Engineer (PhD Intern),Instacart,"San Jose, Santa Clara County",95297.59,95297.59,2025-12-04 16:07:22+00:00,IT Jobs
5528361976,Machine Learning Engineer (PhD Intern),Instacart,"Huntington, Cabell County",86446.99,86446.99,2025-12-04 16:09:52+00:00,IT Jobs
5528362086,Machine Learning Engineer (PhD Intern),Instacart,"Rapid City, Pennington County",89634.77,89634.77,2025-12-04 16:09:53+00:00,IT Jobs
5528362021,Machine Learning Engineer (PhD Intern),Instacart,"Las Cruces, Doña Ana County",77428.16,77428.16,2025-12-04 16:09:53+00:00,IT Jobs
5528362182,Machine Learning Engineer (PhD Intern),Instacart,"Gary, Lake County",85884.76,85884.76,2025-12-04 16:09:54+00:00,IT Jobs
5528375376,Machine Learning Engineer (PhD Intern),Instacart,"Norwalk, Fairfield County",91769.51,91769.51,2025-12-04 16:12:14+00:00,IT Jobs
5528362074,Machine Learning Engineer (PhD Intern),Instacart,"Peoria, Peoria County",89399.92,89399.92,2025-12-04 16:09:53+00:00,IT Jobs
5528372912,Machine Learning Engineer (PhD Intern),Instacart,"Charleston, Charleston County",84708.69,84708.69,2025-12-04 16:11:38+00:00,IT Jobs
5528362027,Machine Learning Engineer (PhD Intern),Instacart,"Portland, Cumberland County",88726.54,88726.54,2025-12-04 16:09:53+00:00,IT Jobs
5528372932,Machine Learning Engineer (PhD Intern),Instacart,"Newark, New Castle County",91224.05,91224.05,2025-12-04 16:11:38+00:00,IT Jobs
5528362043,Machine Learning Engineer (PhD Intern),Instacart,"Moscow, Latah County",85313.32,85313.32,2025-12-04 16:09:53+00:00,IT Jobs
5528362124,Machine Learning Engineer (PhD Intern),Instacart,"Montpelier, Washington County",82765.51,82765.51,2025-12-04 16:09:54+00:00,IT Jobs
5528362169,Machine Learning Engineer (PhD Intern),Instacart,"Pawtucket, Providence County",89058.44,89058.44,2025-12-04 16:09:54+00:00,IT Jobs
5528375251,Machine Learning Engineer (PhD Intern),Instacart,"Topeka, Shawnee County",86156.95,86156.95,2025-12-04 16:12:12+00:00,IT Jobs
5528362092,Machine Learning Engineer (PhD Intern),Instacart,"Tulsa, Tulsa County",81175.13,81175.13,2025-12-04 16:09:53+00:00,IT Jobs
5528373214,Machine Learning Engineer (PhD Intern),Instacart,"Chico, Butte County",92667.16,92667.16,2025-12-04 16:11:43+00:00,IT Jobs
5528376182,Machine Learning Engineer (PhD Intern),Instacart,"Waipahu, Honolulu",106107.74,106107.74,2025-12-04 16:12:27+00:00,IT Jobs
5528372041,Machine Learning Engineer (PhD Intern),Instacart,"Louisville, Jefferson County",83734.41,83734.41,2025-12-04 16:11:30+00:00,IT Jobs
5528362106,Machine Learning Engineer (PhD Intern),Instacart,"Bowie, Prince George's County",88225.34,88225.34,2025-12-04 16:09:53+00:00,IT Jobs
5528340742,Machine Learning Engineer (PhD Intern),Instacart,"Laramie, Albany County",81132.48,81132.48,2025-12-04 16:06:49+00:00,IT Jobs
5528337010,Machine Learning Engineer (PhD Intern),Instacart,"Potsdam, Saint Lawrence County",97742.83,97742.83,2025-12-04 16:06:18+00:00,IT Jobs
5528343061,Machine Learning Engineer (PhD Intern),Instacart,"Trenton, Mercer County",89077.04,89077.04,2025-12-04 16:07:07+00:00,IT Jobs
5528342635,Machine Learning Engineer (PhD Intern),Instacart,"Chandler, Maricopa County",82364.09,82364.09,2025-12-04 16:07:03+00:00,IT Jobs
5528342039,Machine Learning Engineer (PhD Intern),Instacart,"Overland Park, Johnson County",86363.27,86363.27,2025-12-04 16:06:59+00:00,IT Jobs
5528340596,Machine Learning Engineer (PhD Intern),Instacart,"Knoxville, Knox County",85263.71,85263.71,2025-12-04 16:06:48+00:00,IT Jobs
5528339981,Machine Learning Engineer (PhD Intern),Instacart,"Merced, Merced County",94217.89,94217.89,2025-12-04 16:06:44+00:00,IT Jobs
5528337023,Machine Learning Engineer (PhD Intern),Instacart,"Bakersfield, Kern County",88156.55,88156.55,2025-12-04 16:06:18+00:00,IT Jobs
5528342120,Machine Learning Engineer (PhD Intern),Instacart,"Bellevue, King County",88981.77,88981.77,2025-12-04 16:07:00+00:00,IT Jobs
5528337066,Machine Learning Engineer (PhD Intern),Instacart,"Davenport, Scott County",88656.0,88656.0,2025-12-04 16:06:19+00:00,IT Jobs
5528337038,Machine Learning Engineer (PhD Intern),Instacart,"Glendale, Maricopa County",81205.95,81205.95,2025-12-04 16:06:18+00:00,IT Jobs
5528337032,Machine Learning Engineer (PhD Intern),Instacart,"Menomonie, Dunn County",89509.03,89509.03,2025-12-04 16:06:18+00:00,IT Jobs
5528336986,Machine Learning Engineer (PhD Intern),Instacart,"Hialeah, Miami-Dade County",91343.41,91343.41,2025-12-04 16:06:18+00:00,IT Jobs
5528362136,Machine Learning Engineer (PhD Intern),Instacart,"Laredo, Webb County",83551.59,83551.59,2025-12-04 16:09:54+00:00,IT Jobs
5528362110,Machine Learning Engineer (PhD Intern),Instacart,"Philadelphia, Philadelphia County",94114.16,94114.16,2025-12-04 16:09:53+00:00,IT Jobs
5528375211,Machine Learning Engineer (PhD Intern),Instacart,"Mount Pleasant, Charleston County",84193.32,84193.32,2025-12-04 16:12:11+00:00,IT Jobs
5528362180,Machine Learning Engineer (PhD Intern),Instacart,"North Dartmouth, Bristol County",90671.55,90671.55,2025-12-04 16:09:54+00:00,IT Jobs
5528362081,Machine Learning Engineer (PhD Intern),Instacart,"Henderson, Clark County",87956.77,87956.77,2025-12-04 16:09:53+00:00,IT Jobs
5528362023,Machine Learning Engineer (PhD Intern),Instacart,"Commerce, Hunt County",88507.23,88507.23,2025-12-04 16:09:53+00:00,IT Jobs
5528375239,Machine Learning Engineer (PhD Intern),Instacart,"Lawton, Comanche County",83086.75,83086.75,2025-12-04 16:12:12+00:00,IT Jobs
5528362048,Machine Learning Engineer (PhD Intern),Instacart,"Rochester, Olmsted County",83704.95,83704.95,2025-12-04 16:09:53+00:00,IT Jobs
5528362067,Machine Learning Engineer (PhD Intern),Instacart,"Wichita, Sedgwick County",83910.36,83910.36,2025-12-04 16:09:53+00:00,IT Jobs
5528372543,Machine Learning Engineer (PhD Intern),Instacart,"Chattanooga, Hamilton County",90779.28,90779.28,2025-12-04 16:11:35+00:00,IT Jobs
5528362063,Machine Learning Engineer (PhD Intern),Instacart,"Biloxi, Harrison County",83718.52,83718.52,2025-12-04 16:09:53+00:00,IT Jobs
5528362056,Machine Learning Engineer (PhD Intern),Instacart,"Rock Hill, York County",85155.88,85155.88,2025-12-04 16:09:53+00:00,IT Jobs
5528373033,Machine Learning Engineer (PhD Intern),Instacart,"Mesa, Maricopa County",82838.95,82838.95,2025-12-04 16:11:40+00:00,IT Jobs
5528373661,Machine Learning Engineer (PhD Intern),Instacart,"New Orleans, Orleans Parish",84768.48,84768.48,2025-12-04 16:11:52+00:00,IT Jobs
5528362104,Machine Learning Engineer (PhD Intern),Instacart,"Arlington, Tarrant County",84342.4,84342.4,2025-12-04 16:09:53+00:00,IT Jobs
5528337020,Machine Learning Engineer (PhD Intern),Instacart,"Lexington, Fayette County",83307.09,83307.09,2025-12-04 16:06:18+00:00,IT Jobs
5528338108,Machine Learning Engineer (PhD Intern),Instacart,"Dover, Kent County",91412.69,91412.69,2025-12-04 16:06:27+00:00,IT Jobs
5528340029,Machine Learning Engineer (PhD Intern),Instacart,"Hattiesburg, Forrest County",82377.45,82377.45,2025-12-04 16:06:44+00:00,IT Jobs
5528336998,Machine Learning Engineer (PhD Intern),Instacart,"Baltimore, Baltimore County",85516.64,85516.64,2025-12-04 16:06:18+00:00,IT Jobs
5528362037,Machine Learning Engineer (PhD Intern),Instacart,"Morgantown, Monongalia County",89959.09,89959.09,2025-12-04 16:09:53+00:00,IT Jobs
5528374204,Machine Learning Engineer (PhD Intern),Instacart,"Valdosta, Lowndes County",86170.92,86170.92,2025-12-04 16:12:00+00:00,IT Jobs
5528362171,Machine Learning Engineer (PhD Intern),Instacart,"Raleigh, Wake County",85303.23,85303.23,2025-12-04 16:09:54+00:00,IT Jobs
5528374366,Machine Learning Engineer (PhD Intern),Instacart,"Wheeling, Ohio County",89820.12,89820.12,2025-12-04 16:12:02+00:00,IT Jobs
5528362102,Machine Learning Engineer (PhD Intern),Instacart,"Carson City, Nevada",88974.81,88974.81,2025-12-04 16:09:53+00:00,IT Jobs
5528362001,Machine Learning Engineer (PhD Intern),Instacart,"Fresno, Fresno County",97588.77,97588.77,2025-12-04 16:09:53+00:00,IT Jobs
5528373747,Machine Learning Engineer (PhD Intern),Instacart,"Savannah, Chatham County",87295.34,87295.34,2025-12-04 16:11:53+00:00,IT Jobs
5528362126,Machine Learning Engineer (PhD Intern),Instacart,"Fairbanks, Fairbanks North Star",92834.34,92834.34,2025-12-04 16:09:54+00:00,IT Jobs
5528376364,Machine Learning Engineer (PhD Intern),Instacart,"Northridge, Los Angeles County",97386.75,97386.75,2025-12-04 16:12:30+00:00,IT Jobs
5528373427,Machine Learning Engineer (PhD Intern),Instacart,"Springfield, Greene County",85330.09,85330.09,2025-12-04 16:11:47+00:00,IT Jobs
5528375615,Machine Learning Engineer (PhD Intern),Instacart,"Shreveport, Caddo Parish",80498.73,80498.73,2025-12-04 16:12:17+00:00,IT Jobs
5528336954,Machine Learning Engineer (PhD Intern),Instacart,"Rochester, Strafford County",83494.71,83494.71,2025-12-04 16:06:17+00:00,IT Jobs
5528336990,Machine Learning Engineer (PhD Intern),Instacart,"Allendale, Ottawa County",88372.2,88372.2,2025-12-04 16:06:18+00:00,IT Jobs
5528344883,Machine Learning Engineer (PhD Intern),Instacart,"Huntsville, Walker County",82347.37,82347.37,2025-12-04 16:07:21+00:00,IT Jobs
5528336989,Machine Learning Engineer (PhD Intern),Instacart,"Rexburg, Madison County",86514.62,86514.62,2025-12-04 16:06:18+00:00,IT Jobs
5528337029,Machine Learning Engineer (PhD Intern),Instacart,US,82894.11,82894.11,2025-12-04 16:06:18+00:00,IT Jobs
5528343392,Machine Learning Engineer (PhD Intern),Instacart,"Lynchburg, Lynchburg City",81845.82,81845.82,2025-12-04 16:07:09+00:00,IT Jobs
5528344606,Machine Learning Engineer (PhD Intern),Instacart,"Greeley, Weld County",89266.68,89266.68,2025-12-04 16:07:18+00:00,IT Jobs
5528337000,Machine Learning Engineer (PhD Intern),Instacart,"Iowa City, Johnson County",83477.04,83477.04,2025-12-04 16:06:18+00:00,IT Jobs
5528362051,Machine Learning Engineer (PhD Intern),Instacart,"Wilmington, New Hanover County",87629.06,87629.06,2025-12-04 16:09:53+00:00,IT Jobs
5528373241,Machine Learning Engineer (PhD Intern),Instacart,"Mckinney, Collin County",89552.41,89552.41,2025-12-04 16:11:43+00:00,IT Jobs
5528369601,Machine Learning Engineer (PhD Intern),Instacart,"Cranston, Providence County",87679.05,87679.05,2025-12-04 16:11:00+00:00,IT Jobs
5528362075,Machine Learning Engineer (PhD Intern),Instacart,"Waterbury, New Haven County",90748.73,90748.73,2025-12-04 16:09:53+00:00,IT Jobs
5528362097,Machine Learning Engineer (PhD Intern),Instacart,"Honolulu, Hawaii",78147.15,78147.15,2025-12-04 16:09:53+00:00,IT Jobs
5528362100,Machine Learning Engineer (PhD Intern),Instacart,"Jackson, Hinds County",77446.7,77446.7,2025-12-04 16:09:53+00:00,IT Jobs
5528392105,Machine Learning Engineer (PhD Intern),Instacart,"Houston, Harris County",84897.69,84897.69,2025-12-04 16:15:21+00:00,IT Jobs
5528362200,Machine Learning Engineer (PhD Intern),Instacart,"Fort Wayne, Allen County",83055.85,83055.85,2025-12-04 16:09:54+00:00,IT Jobs
5528372258,Machine Learning Engineer (PhD Intern),Instacart,"Conway, Faulkner County",85633.59,85633.59,2025-12-04 16:11:32+00:00,IT Jobs
5528337025,Machine Learning Engineer (PhD Intern),Instacart,"Elon, Alamance County",87789.24,87789.24,2025-12-04 16:06:18+00:00,IT Jobs
5528361994,Machine Learning Engineer (PhD Intern),Instacart,"Dallas, Texas",86972.75,86972.75,2025-12-04 16:09:53+00:00,IT Jobs
5528336965,Machine Learning Engineer (PhD Intern),Instacart,"Ann Arbor, Washtenaw County",89142.73,89142.73,2025-12-04 16:06:18+00:00,IT Jobs
5528339682,Machine Learning Engineer (PhD Intern),Instacart,"Salt Lake City, Salt Lake County",86958.82,86958.82,2025-12-04 16:06:41+00:00,IT Jobs
5528343516,Machine Learning Engineer (PhD Intern),Instacart,"Rockville, Montgomery County",86509.67,86509.67,2025-12-04 16:07:10+00:00,IT Jobs
5528336944,Machine Learning Engineer (PhD Intern),Instacart,"Bronx, New York City",95613.3,95613.3,2025-12-04 16:06:17+00:00,IT Jobs
5528342471,Machine Learning Engineer (PhD Intern),Instacart,"San Marcos, Hays County",92890.84,92890.84,2025-12-04 16:07:02+00:00,IT Jobs
5528337049,Machine Learning Engineer (PhD Intern),Instacart,"Pensacola, Escambia County",84940.61,84940.61,2025-12-04 16:06:18+00:00,IT Jobs
5528336962,Machine Learning Engineer (PhD Intern),Instacart,"Covington, Kenton County",86760.02,86760.02,2025-12-04 16:06:18+00:00,IT Jobs
5528336979,Machine Learning Engineer (PhD Intern),Instacart,"Virginia Beach, Virginia Beach City",84713.38,84713.38,2025-12-04 16:06:18+00:00,IT Jobs
5528336963,Machine Learning Engineer (PhD Intern),Instacart,"Hampton City, Virginia",88138.47,88138.47,2025-12-04 16:06:18+00:00,IT Jobs
5528342343,Machine Learning Engineer (PhD Intern),Instacart,"Buffalo, Erie County",92179.66,92179.66,2025-12-04 16:07:01+00:00,IT Jobs
5528337011,Machine Learning Engineer (PhD Intern),Instacart,"Columbus, Muscogee County",83036.05,83036.05,2025-12-04 16:06:18+00:00,IT Jobs
5528337048,Machine Learning Engineer (PhD Intern),Instacart,"Independence, Jackson County",82842.9,82842.9,2025-12-04 16:06:18+00:00,IT Jobs
5528338265,Machine Learning Engineer (PhD Intern),Instacart,"Tampa, Hillsborough County",85536.46,85536.46,2025-12-04 16:06:29+00:00,IT Jobs
5528362039,Machine Learning Engineer (PhD Intern),Instacart,"Dekalb, DeKalb County",87199.15,87199.15,2025-12-04 16:09:53+00:00,IT Jobs
5528362099,Machine Learning Engineer (PhD Intern),Instacart,"Jersey City, Hudson County",92329.92,92329.92,2025-12-04 16:09:53+00:00,IT Jobs
5528362096,Machine Learning Engineer (PhD Intern),Instacart,"Casper, Natrona County",91218.49,91218.49,2025-12-04 16:09:53+00:00,IT Jobs
5528362044,Machine Learning Engineer (PhD Intern),Instacart,"Southaven, DeSoto County",86957.82,86957.82,2025-12-04 16:09:53+00:00,IT Jobs
5528362071,Machine Learning Engineer (PhD Intern),Instacart,"Sioux Falls, Minnehaha County",84142.03,84142.03,2025-12-04 16:09:53+00:00,IT Jobs
5528362038,Machine Learning Engineer (PhD Intern),Instacart,"Lansing, Ingham County",88832.2,88832.2,2025-12-04 16:09:53+00:00,IT Jobs
5528374054,Machine Learning Engineer (PhD Intern),Instacart,"Biddeford, York County",83291.59,83291.59,2025-12-04 16:11:58+00:00,IT Jobs
5528362133,Machine Learning Engineer (PhD Intern),Instacart,"Concord, Merrimack County",86988.18,86988.18,2025-12-04 16:09:54+00:00,IT Jobs
5528362019,Machine Learning Engineer (PhD Intern),Instacart,"Middletown, New Castle County",89694.89,89694.89,2025-12-04 16:09:53+00:00,IT Jobs
5528362082,Machine Learning Engineer (PhD Intern),Instacart,"Chicago, Cook County",86913.38,86913.38,2025-12-04 16:09:53+00:00,IT Jobs
5528373275,Machine Learning Engineer (PhD Intern),Instacart,"Denver, Colorado",91137.97,91137.97,2025-12-04 16:11:44+00:00,IT Jobs
5528374708,Machine Learning Engineer (PhD Intern),Instacart,"Bristol, Bristol County",87170.55,87170.55,2025-12-04 16:12:06+00:00,IT Jobs
5528362109,Machine Learning Engineer (PhD Intern),Instacart,"Pearl City, Honolulu",90368.55,90368.55,2025-12-04 16:09:53+00:00,IT Jobs
5528362080,Machine Learning Engineer (PhD Intern),Instacart,"Mount Pleasant, Isabella County",85692.33,85692.33,2025-12-04 16:09:53+00:00,IT Jobs
5528362078,Machine Learning Engineer (PhD Intern),Instacart,"West Chester, Chester County",87807.33,87807.33,2025-12-04 16:09:53+00:00,IT Jobs
5528362026,Machine Learning Engineer (PhD Intern),Instacart,"Jacksonville, Duval County",87324.56,87324.56,2025-12-04 16:09:53+00:00,IT Jobs
5528362128,Machine Learning Engineer (PhD Intern),Instacart,"Mobile, Mobile County",81542.91,81542.91,2025-12-04 16:09:54+00:00,IT Jobs
5528362147,Machine Learning Engineer (PhD Intern),Instacart,"Towson, Baltimore County",87750.16,87750.16,2025-12-04 16:09:54+00:00,IT Jobs
5528362550,Machine Learning Engineer (PhD Intern),Instacart,"Little Rock, Pulaski County",83790.57,83790.57,2025-12-04 16:09:57+00:00,IT Jobs
5528362111,Machine Learning Engineer (PhD Intern),Instacart,"Orlando, Orange County",86116.87,86116.87,2025-12-04 16:09:53+00:00,IT Jobs
5528362005,Machine Learning Engineer (PhD Intern),Instacart,"Scottsdale, Maricopa County",85125.42,85125.42,2025-12-04 16:09:53+00:00,IT Jobs
5528373472,Machine Learning Engineer (PhD Intern),Instacart,"Milwaukee, Milwaukee County",85136.47,85136.47,2025-12-04 16:11:48+00:00,IT Jobs
5630893782,Senior Machine Learning Engineer I/II,Rocket Lab Corporation,"Chantilly, Fairfax County",120714.12,120714.12,2026-02-15 10:50:05+00:00,Engineering Jobs
5630882502,"Sr. Machine Learning Engineer, Predictive Maintenance","AssetWatch, Inc.","Dublin, Franklin County",138038.12,138038.12,2026-02-15 10:44:08+00:00,Engineering Jobs
5630876978,Senior Machine Learning Engineer - ML Planner,Motional,"Pittsburgh, Allegheny County",252399.73,252399.73,2026-02-15 10:40:42+00:00,Engineering Jobs
5630948603,AI/Machine Learning Engineer,DataVisor,"Mountain View, Santa Clara County",150126.03,150126.03,2026-02-15 12:19:22+00:00,Engineering Jobs
5618434198,Machine Learning Engineer - Document Intelligence,Resourcesoft Inc.,"Raleigh, Wake County",81191.47,81191.47,2026-02-06 21:22:37+00:00,IT Jobs
5629139932,Machine Learning Engineer – Data and AI,Genesis10,"Texas, US",129110.52,129110.52,2026-02-14 00:13:59+00:00,IT Jobs
5622219364,Computer Vision/ Machine Learning Engineer,HTC Global Services Inc,"Sand Lake, Orange County",87082.14,87082.14,2026-02-10 00:09:23+00:00,IT Jobs
5630496120,Junior Machine Learning Engineer-remote,SynergisticIT,"Kansas City, Jackson County",128943.05,128943.05,2026-02-14 22:28:35+00:00,IT Jobs
5630496333,junior AI & Machine Learning Engineer,SynergisticIT,"State Farm, Arlington County",121476.1,121476.1,2026-02-14 22:28:56+00:00,IT Jobs
5630922453,Senior Machine Learning Engineer (Applications),SmithRx,"Bodega Bay, Sonoma County",132367.42,132367.42,2026-02-15 12:11:10+00:00,Scientific & QA Jobs
5528330625,"Machine Learning Engineer II, Logistics AI",Instacart,"Salt Lake City, Salt Lake County",97251.8,97251.8,2025-12-04 16:04:57+00:00,IT Jobs
5528330656,"Machine Learning Engineer II, Logistics AI",Instacart,"Brookings, Brookings County",90833.23,90833.23,2025-12-04 16:04:57+00:00,IT Jobs
5528331225,"Machine Learning Engineer II, Logistics AI",Instacart,"Burlington, Chittenden County",91718.06,91718.06,2025-12-04 16:05:05+00:00,IT Jobs
5528330611,"Machine Learning Engineer II, Logistics AI",Instacart,"Pierre, Hughes County",99016.64,99016.64,2025-12-04 16:04:56+00:00,IT Jobs
5528343684,"Machine Learning Engineer II, Logistics AI",Instacart,"Bellevue, Sarpy County",93092.52,93092.52,2025-12-04 16:07:11+00:00,IT Jobs
5528362909,"Machine Learning Engineer II, Logistics AI",Instacart,"Helena, Lewis and Clark County",96411.92,96411.92,2025-12-04 16:10:00+00:00,IT Jobs
5528372971,"Machine Learning Engineer II, Logistics AI",Instacart,"Ogden, Weber County",95109.92,95109.92,2025-12-04 16:11:39+00:00,IT Jobs
5528339800,"Machine Learning Engineer II, Logistics AI",Instacart,"Rockford, Winnebago County",99420.77,99420.77,2025-12-04 16:06:42+00:00,IT Jobs
5528373345,"Machine Learning Engineer II, Logistics AI",Instacart,"Smyrna, Kent County",102643.46,102643.46,2025-12-04 16:11:46+00:00,IT Jobs
5528371857,"Machine Learning Engineer II, Logistics AI",Instacart,"Springfield, Greene County",95430.38,95430.38,2025-12-04 16:11:28+00:00,IT Jobs
5528374990,"Machine Learning Engineer II, Logistics AI",Instacart,"Kenosha, Kenosha County",98651.4,98651.4,2025-12-04 16:12:09+00:00,IT Jobs
5528345019,"Machine Learning Engineer II, Logistics AI",Instacart,"Baton Rouge, East Baton Rouge Parish",98508.03,98508.03,2025-12-04 16:07:22+00:00,IT Jobs
5528340838,"Machine Learning Engineer II, Logistics AI",Instacart,"Springdale, Washington County",94784.22,94784.22,2025-12-04 16:06:50+00:00,IT Jobs
5528339492,"Machine Learning Engineer II, Logistics AI",Instacart,"Phoenix, Maricopa County",89918.6,89918.6,2025-12-04 16:06:39+00:00,IT Jobs
5528341919,"Machine Learning Engineer II, Logistics AI",Instacart,"Austin, Travis County",98363.09,98363.09,2025-12-04 16:06:59+00:00,IT Jobs
5528340683,"Machine Learning Engineer II, Logistics AI",Instacart,"Conway, Faulkner County",95769.71,95769.71,2025-12-04 16:06:48+00:00,IT Jobs
5528342715,"Machine Learning Engineer II, Logistics AI",Instacart,"Providence, Providence County",97209.8,97209.8,2025-12-04 16:07:04+00:00,IT Jobs
5528343944,"Machine Learning Engineer II, Logistics AI",Instacart,"Meridian, Ada County",93080.26,93080.26,2025-12-04 16:07:12+00:00,IT Jobs
5528330908,"Machine Learning Engineer II, Logistics AI",Instacart,"Anchorage, Alaska",94387.14,94387.14,2025-12-04 16:05:00+00:00,IT Jobs
5528330657,"Machine Learning Engineer II, Logistics AI",Instacart,"Lawton, Comanche County",92921.5,92921.5,2025-12-04 16:04:57+00:00,IT Jobs
5528330893,"Machine Learning Engineer II, Logistics AI",Instacart,"Rexburg, Madison County",96755.21,96755.21,2025-12-04 16:05:00+00:00,IT Jobs
5528385167,"Machine Learning Engineer II, Logistics AI",Instacart,"Detroit, Wayne County",99833.98,99833.98,2025-12-04 16:14:01+00:00,IT Jobs
5528375262,"Machine Learning Engineer II, Logistics AI",Instacart,"Kennesaw, Cobb County",102780.59,102780.59,2025-12-04 16:12:12+00:00,IT Jobs
5528373476,"Machine Learning Engineer II, Logistics AI",Instacart,"Rock Springs, Sweetwater County",96924.22,96924.22,2025-12-04 16:11:48+00:00,IT Jobs
5528331200,"Machine Learning Engineer II, Logistics AI",Instacart,"Sterling Heights, Macomb County",96716.65,96716.65,2025-12-04 16:05:04+00:00,IT Jobs
5528363495,"Machine Learning Engineer II, Logistics AI",Instacart,"Tupelo, Lee County",91413.48,91413.48,2025-12-04 16:10:05+00:00,IT Jobs
5528362954,"Machine Learning Engineer II, Logistics AI",Instacart,"Raleigh, Wake County",95400.34,95400.34,2025-12-04 16:10:00+00:00,IT Jobs
5528375778,"Machine Learning Engineer II, Logistics AI",Instacart,"Thornton, Adams County",99580.95,99580.95,2025-12-04 16:12:20+00:00,IT Jobs
5528363155,"Machine Learning Engineer II, Logistics AI",Instacart,"Northridge, Los Angeles County",108914.15,108914.15,2025-12-04 16:10:02+00:00,IT Jobs
5528363187,"Machine Learning Engineer II, Logistics AI",Instacart,"Rochester Hills, Oakland County",95197.31,95197.31,2025-12-04 16:10:02+00:00,IT Jobs
5528362961,"Machine Learning Engineer II, Logistics AI",Instacart,"Corpus Christi, Nueces County",90862.52,90862.52,2025-12-04 16:10:00+00:00,IT Jobs
5528363131,"Machine Learning Engineer II, Logistics AI",Instacart,"Mililani, Honolulu",103658.66,103658.66,2025-12-04 16:10:02+00:00,IT Jobs
5528363225,"Machine Learning Engineer II, Logistics AI",Instacart,"Mckinney, Collin County",100152.48,100152.48,2025-12-04 16:10:03+00:00,IT Jobs
5528363157,"Machine Learning Engineer II, Logistics AI",Instacart,"Greeley, Weld County",99833.02,99833.02,2025-12-04 16:10:02+00:00,IT Jobs
5528362930,"Machine Learning Engineer II, Logistics AI",Instacart,"Chico, Butte County",103636.12,103636.12,2025-12-04 16:10:00+00:00,IT Jobs
5528371698,"Machine Learning Engineer II, Logistics AI",Instacart,"Merced, Merced County",105370.3,105370.3,2025-12-04 16:11:27+00:00,IT Jobs
5528362947,"Machine Learning Engineer II, Logistics AI",Instacart,"Des Moines, Polk County",91722.26,91722.26,2025-12-04 16:10:00+00:00,IT Jobs
5528364519,"Machine Learning Engineer II, Logistics AI",Instacart,"Charlotte, Mecklenburg County",92676.18,92676.18,2025-12-04 16:10:12+00:00,IT Jobs
5528363152,"Machine Learning Engineer II, Logistics AI",Instacart,"Sparks, Washoe County",98059.72,98059.72,2025-12-04 16:10:02+00:00,IT Jobs
5528376210,"Machine Learning Engineer II, Logistics AI",Instacart,"Chesapeake, Chesapeake City",93125.55,93125.55,2025-12-04 16:12:27+00:00,IT Jobs
5528362964,"Machine Learning Engineer II, Logistics AI",Instacart,"Independence, Jackson County",92648.79,92648.79,2025-12-04 16:10:00+00:00,IT Jobs
5528342697,"Machine Learning Engineer II, Logistics AI",Instacart,"Honolulu, Hawaii",87397.3,87397.3,2025-12-04 16:07:04+00:00,IT Jobs
5528342606,"Machine Learning Engineer II, Logistics AI",Instacart,"Broken Arrow, Tulsa County",97282.23,97282.23,2025-12-04 16:07:03+00:00,IT Jobs
5528344469,"Machine Learning Engineer II, Logistics AI",Instacart,"Wheeling, Ohio County",100451.79,100451.79,2025-12-04 16:07:16+00:00,IT Jobs
5528343867,"Machine Learning Engineer II, Logistics AI",Instacart,"Jackson, Hinds County",86614.02,86614.02,2025-12-04 16:07:12+00:00,IT Jobs
5528330664,"Machine Learning Engineer II, Logistics AI",Instacart,"Chattanooga, Hamilton County",101524.67,101524.67,2025-12-04 16:04:57+00:00,IT Jobs
5528331197,"Machine Learning Engineer II, Logistics AI",Instacart,"Knoxville, Knox County",95356.23,95356.23,2025-12-04 16:05:04+00:00,IT Jobs
5528344976,"Machine Learning Engineer II, Logistics AI",Instacart,"Indianapolis, Marion County",93554.51,93554.51,2025-12-04 16:07:21+00:00,IT Jobs
5528330694,"Machine Learning Engineer II, Logistics AI",Instacart,"Seattle, King County",102481.39,102481.39,2025-12-04 16:04:57+00:00,IT Jobs
5528331599,"Machine Learning Engineer II, Logistics AI",Instacart,"Reading, Berks County",102760.8,102760.8,2025-12-04 16:05:09+00:00,IT Jobs
5528330660,"Machine Learning Engineer II, Logistics AI",Instacart,"Saint Petersburg, Pinellas County",99243.72,99243.72,2025-12-04 16:04:57+00:00,IT Jobs
5528330864,"Machine Learning Engineer II, Logistics AI",Instacart,"Montgomery, Montgomery County",93738.93,93738.93,2025-12-04 16:04:59+00:00,IT Jobs
5528344038,"Machine Learning Engineer II, Logistics AI",Instacart,"Edwardsville, Madison County",97137.6,97137.6,2025-12-04 16:07:13+00:00,IT Jobs
5528330666,"Machine Learning Engineer II, Logistics AI",Instacart,"Terre Haute, Vigo County",98050.46,98050.46,2025-12-04 16:04:57+00:00,IT Jobs
5528358259,"Machine Learning Engineer II, Logistics AI",Instacart,"New Haven, New Haven County",98126.88,98126.88,2025-12-04 16:09:21+00:00,IT Jobs
5528342940,"Machine Learning Engineer II, Logistics AI",Instacart,"Potsdam, Saint Lawrence County",109312.48,109312.48,2025-12-04 16:07:06+00:00,IT Jobs
5528343737,"Machine Learning Engineer II, Logistics AI",Instacart,"Columbus, Muscogee County",92864.8,92864.8,2025-12-04 16:07:11+00:00,IT Jobs
5528330641,"Machine Learning Engineer II, Logistics AI",Instacart,"Stockton, San Joaquin County",102809.02,102809.02,2025-12-04 16:04:57+00:00,IT Jobs
5528330672,"Machine Learning Engineer II, Logistics AI",Instacart,"Adelphi, Prince George's County",106440.07,106440.07,2025-12-04 16:04:57+00:00,IT Jobs
5528331256,"Machine Learning Engineer II, Logistics AI",Instacart,"Harrisburg, Dauphin County",91952.6,91952.6,2025-12-04 16:05:05+00:00,IT Jobs
5528341551,"Machine Learning Engineer II, Logistics AI",Instacart,"Boone, Watauga County",101908.12,101908.12,2025-12-04 16:06:56+00:00,IT Jobs
5528350220,"Machine Learning Engineer II, Logistics AI",Instacart,"Henderson, Clark County",98368.05,98368.05,2025-12-04 16:08:05+00:00,IT Jobs
5528330624,"Machine Learning Engineer II, Logistics AI",Instacart,"Chicago, Cook County",97201.09,97201.09,2025-12-04 16:04:57+00:00,IT Jobs
5528330690,"Machine Learning Engineer II, Logistics AI",Instacart,"Durham, Durham County",96565.22,96565.22,2025-12-04 16:04:57+00:00,IT Jobs
5528371697,"Machine Learning Engineer II, Logistics AI",Instacart,"Flagstaff, Coconino County",93988.86,93988.86,2025-12-04 16:11:26+00:00,IT Jobs
5528373392,"Machine Learning Engineer II, Logistics AI",Instacart,"Hattiesburg, Forrest County",92128.24,92128.24,2025-12-04 16:11:46+00:00,IT Jobs
5528375904,"Machine Learning Engineer II, Logistics AI",Instacart,"Bronx, New York City",106930.98,106930.98,2025-12-04 16:12:22+00:00,IT Jobs
5528373766,"Machine Learning Engineer II, Logistics AI",Instacart,"Oklahoma City, Oklahoma County",93018.14,93018.14,2025-12-04 16:11:54+00:00,IT Jobs
5528387262,"Machine Learning Engineer II, Logistics AI",Instacart,"Flushing, Queens",106190.55,106190.55,2025-12-04 16:14:27+00:00,IT Jobs
5528375964,"Machine Learning Engineer II, Logistics AI",Instacart,"Norman, Cleveland County",98730.18,98730.18,2025-12-04 16:12:23+00:00,IT Jobs
5528371962,"Machine Learning Engineer II, Logistics AI",Instacart,"Williamsburg, James City County",93117.38,93117.38,2025-12-04 16:11:29+00:00,IT Jobs
5528328734,"Machine Learning Engineer II, Logistics AI",Instacart,"Greenville, Pitt County",93628.95,93628.95,2025-12-04 16:04:36+00:00,IT Jobs
5528344671,"Machine Learning Engineer II, Logistics AI",Instacart,"Edison, Middlesex County",101761.29,101761.29,2025-12-04 16:07:18+00:00,IT Jobs
5528330837,"Machine Learning Engineer II, Logistics AI",Instacart,"Topeka, Shawnee County",96355.3,96355.3,2025-12-04 16:04:59+00:00,IT Jobs
5528330663,"Machine Learning Engineer II, Logistics AI",Instacart,"Morgantown, Monongalia County",100607.39,100607.39,2025-12-04 16:04:57+00:00,IT Jobs
5528330877,"Machine Learning Engineer II, Logistics AI",Instacart,"Aberdeen, Brown County",100484.08,100484.08,2025-12-04 16:04:59+00:00,IT Jobs
5528330897,"Machine Learning Engineer II, Logistics AI",Instacart,US,92706.15,92706.15,2025-12-04 16:05:00+00:00,IT Jobs
5528330840,"Machine Learning Engineer II, Logistics AI",Instacart,"Yonkers, Westchester County",103344.87,103344.87,2025-12-04 16:04:59+00:00,IT Jobs
5528330730,"Machine Learning Engineer II, Logistics AI",Instacart,"Minneapolis, Hennepin County",100768.61,100768.61,2025-12-04 16:04:58+00:00,IT Jobs
5528330662,"Machine Learning Engineer II, Logistics AI",Instacart,"Bowling Green, Wood County",96545.79,96545.79,2025-12-04 16:04:57+00:00,IT Jobs
5528330715,"Machine Learning Engineer II, Logistics AI",Instacart,"Middletown, New Castle County",100311.73,100311.73,2025-12-04 16:04:58+00:00,IT Jobs
5528331238,"Machine Learning Engineer II, Logistics AI",Instacart,"Clinton, Clinton County",96742.11,96742.11,2025-12-04 16:05:05+00:00,IT Jobs
5528371679,"Machine Learning Engineer II, Logistics AI",Instacart,"Annapolis, Anne Arundel County",101983.09,101983.09,2025-12-04 16:11:26+00:00,IT Jobs
5528356940,"Machine Learning Engineer II, Logistics AI",Instacart,"Bakersfield, Kern County",98591.39,98591.39,2025-12-04 16:09:08+00:00,IT Jobs
5528330695,"Machine Learning Engineer II, Logistics AI",Instacart,"Norfolk, Norfolk City",95159.19,95159.19,2025-12-04 16:04:57+00:00,IT Jobs
5528330731,"Machine Learning Engineer II, Logistics AI",Instacart,"Milwaukee, Milwaukee County",95213.74,95213.74,2025-12-04 16:04:58+00:00,IT Jobs
5528330716,"Machine Learning Engineer II, Logistics AI",Instacart,"Milford, Sussex County",103222.44,103222.44,2025-12-04 16:04:58+00:00,IT Jobs
5528330629,"Machine Learning Engineer II, Logistics AI",Instacart,"Portland, Cumberland County",99228.86,99228.86,2025-12-04 16:04:57+00:00,IT Jobs
5528330616,"Machine Learning Engineer II, Logistics AI",Instacart,"Miami, Miami-Dade County",102997.64,102997.64,2025-12-04 16:04:57+00:00,IT Jobs
5528330858,"Machine Learning Engineer II, Logistics AI",Instacart,"Lynchburg, Lynchburg City",91533.69,91533.69,2025-12-04 16:04:59+00:00,IT Jobs
5528330665,"Machine Learning Engineer II, Logistics AI",Instacart,"Chandler, Maricopa County",92113.39,92113.39,2025-12-04 16:04:57+00:00,IT Jobs
5528350554,"Machine Learning Engineer II, Logistics AI",Instacart,"New Orleans, Orleans Parish",94802.21,94802.21,2025-12-04 16:08:08+00:00,IT Jobs
5528330884,"Machine Learning Engineer II, Logistics AI",Instacart,"Logan, Cache County",100671.79,100671.79,2025-12-04 16:04:59+00:00,IT Jobs
5528337339,"Machine Learning Engineer II, Logistics AI",Instacart,"Athens, Clarke County",95277.69,95277.69,2025-12-04 16:06:21+00:00,IT Jobs
5528330896,"Machine Learning Engineer II, Logistics AI",Instacart,"Hampton City, Virginia",98571.09,98571.09,2025-12-04 16:05:00+00:00,IT Jobs
5528330943,"Machine Learning Engineer II, Logistics AI",Instacart,"Toledo, Lucas County",94460.09,94460.09,2025-12-04 16:05:00+00:00,IT Jobs
5528339439,"Machine Learning Engineer II, Logistics AI",Instacart,"Covington, Kenton County",97029.46,97029.46,2025-12-04 16:06:39+00:00,IT Jobs
5528330637,"Machine Learning Engineer II, Logistics AI",Instacart,"Indiana, Indiana County",88785.88,88785.88,2025-12-04 16:04:57+00:00,IT Jobs
5528331276,"Machine Learning Engineer II, Logistics AI",Instacart,"Davenport, Scott County",99150.06,99150.06,2025-12-04 16:05:05+00:00,IT Jobs
5528330649,"Machine Learning Engineer II, Logistics AI",Instacart,"Manchester, Hillsborough County",97297.91,97297.91,2025-12-04 16:04:57+00:00,IT Jobs
5528330890,"Machine Learning Engineer II, Logistics AI",Instacart,"Shreveport, Caddo Parish",90027.23,90027.23,2025-12-04 16:04:59+00:00,IT Jobs
5528330645,"Machine Learning Engineer II, Logistics AI",Instacart,"Laramie, Albany County",90735.83,90735.83,2025-12-04 16:04:57+00:00,IT Jobs
5528330703,"Machine Learning Engineer II, Logistics AI",Instacart,"Waipahu, Honolulu",118667.43,118667.43,2025-12-04 16:04:58+00:00,IT Jobs
5528330676,"Machine Learning Engineer II, Logistics AI",Instacart,"Olympia, Thurston County",95965.82,95965.82,2025-12-04 16:04:57+00:00,IT Jobs
5528330612,"Machine Learning Engineer II, Logistics AI",Instacart,"Warwick, Kent County",98428.02,98428.02,2025-12-04 16:04:56+00:00,IT Jobs
5528330634,"Machine Learning Engineer II, Logistics AI",Instacart,"New York City, New York",103798.63,103798.63,2025-12-04 16:04:57+00:00,IT Jobs
5528343829,"Machine Learning Engineer II, Logistics AI",Instacart,"Beaumont, Jefferson County",93038.02,93038.02,2025-12-04 16:07:12+00:00,IT Jobs
5528339428,"Machine Learning Engineer II, Logistics AI",Instacart,"Grand Rapids, Kent County",101480.34,101480.34,2025-12-04 16:06:39+00:00,IT Jobs
5528330685,"Machine Learning Engineer II, Logistics AI",Instacart,"Hialeah, Miami-Dade County",102155.38,102155.38,2025-12-04 16:04:57+00:00,IT Jobs
5528337371,"Machine Learning Engineer II, Logistics AI",Instacart,"Dover, Kent County",102233.05,102233.05,2025-12-04 16:06:21+00:00,IT Jobs
5528330601,"Machine Learning Engineer II, Logistics AI",Instacart,"Sacramento, Sacramento County",100593.19,100593.19,2025-12-04 16:04:56+00:00,IT Jobs
5528342858,"Machine Learning Engineer II, Logistics AI",Instacart,"Tallahassee, Leon County",93983.66,93983.66,2025-12-04 16:07:05+00:00,IT Jobs
5528330651,"Machine Learning Engineer II, Logistics AI",Instacart,"Pocatello, Bannock County",88930.02,88930.02,2025-12-04 16:04:57+00:00,IT Jobs
5528330851,"Machine Learning Engineer II, Logistics AI",Instacart,"Gresham, Multnomah County",98668.71,98668.71,2025-12-04 16:04:59+00:00,IT Jobs
5528331366,"Machine Learning Engineer II, Logistics AI",Instacart,"Rochester, Monroe County",98681.98,98681.98,2025-12-04 16:05:06+00:00,IT Jobs
5528337312,"Machine Learning Engineer II, Logistics AI",Instacart,"Colchester, Chittenden County",95314.23,95314.23,2025-12-04 16:06:21+00:00,IT Jobs
5528330697,"Machine Learning Engineer II, Logistics AI",Instacart,"Springfield, Sangamon County",95017.72,95017.72,2025-12-04 16:04:57+00:00,IT Jobs
5528330600,"Machine Learning Engineer II, Logistics AI",Instacart,"Sioux City, Woodbury County",92944.81,92944.81,2025-12-04 16:04:56+00:00,IT Jobs
5528330702,"Machine Learning Engineer II, Logistics AI",Instacart,"Baltimore, Baltimore County",95639.02,95639.02,2025-12-04 16:04:58+00:00,IT Jobs
5528331805,"Machine Learning Engineer II, Logistics AI",Instacart,"Fort Wayne, Allen County",92887.12,92887.12,2025-12-04 16:05:11+00:00,IT Jobs
5528338548,"Machine Learning Engineer II, Logistics AI",Instacart,"Billings, Yellowstone County",92490.14,92490.14,2025-12-04 16:06:31+00:00,IT Jobs
5528330653,"Machine Learning Engineer II, Logistics AI",Instacart,"Waterbury, New Haven County",101490.4,101490.4,2025-12-04 16:04:57+00:00,IT Jobs
5528337343,"Machine Learning Engineer II, Logistics AI",Instacart,"Wilmington, New Castle County",104478.84,104478.84,2025-12-04 16:06:21+00:00,IT Jobs
5528331346,"Machine Learning Engineer II, Logistics AI",Instacart,"Green Bay, Brown County",96316.16,96316.16,2025-12-04 16:05:06+00:00,IT Jobs
5528363507,"Machine Learning Engineer II, Logistics AI",Instacart,"Hammond, Lake County",101421.32,101421.32,2025-12-04 16:10:05+00:00,IT Jobs
5528363149,"Machine Learning Engineer II, Logistics AI",Instacart,"Auburn, Androscoggin County",97930.75,97930.75,2025-12-04 16:10:02+00:00,IT Jobs
5528363315,"Machine Learning Engineer II, Logistics AI",Instacart,"Cleveland, Cuyahoga County",93956.51,93956.51,2025-12-04 16:10:03+00:00,IT Jobs
5528363104,"Machine Learning Engineer II, Logistics AI",Instacart,"Augusta, Kennebec County",99935.23,99935.23,2025-12-04 16:10:01+00:00,IT Jobs
5528363218,"Machine Learning Engineer II, Logistics AI",Instacart,"South Bend, St. Joseph County",103229.91,103229.91,2025-12-04 16:10:03+00:00,IT Jobs
5528363092,"Machine Learning Engineer II, Logistics AI",Instacart,"Grand Island, Hall County",95882.12,95882.12,2025-12-04 16:10:01+00:00,IT Jobs
5528363145,"Machine Learning Engineer II, Logistics AI",Instacart,"Parkersburg, Wood County",96165.55,96165.55,2025-12-04 16:10:02+00:00,IT Jobs
5528373242,"Machine Learning Engineer II, Logistics AI",Instacart,"Columbia, Boone County",95693.2,95693.2,2025-12-04 16:11:43+00:00,IT Jobs
5528373453,"Machine Learning Engineer II, Logistics AI",Instacart,"Owensboro, Daviess County",94227.05,94227.05,2025-12-04 16:11:48+00:00,IT Jobs
5528362869,"Machine Learning Engineer II, Logistics AI",Instacart,"Stamford, Fairfield County",105264.23,105264.23,2025-12-04 16:09:59+00:00,IT Jobs
5528387865,"Machine Learning Engineer II, Logistics AI",Instacart,"Little Rock, Pulaski County",93708.72,93708.72,2025-12-04 16:14:35+00:00,IT Jobs
5528362935,"Machine Learning Engineer II, Logistics AI",Instacart,"Idaho City, Boise County",93280.12,93280.12,2025-12-04 16:10:00+00:00,IT Jobs
5528362945,"Machine Learning Engineer II, Logistics AI",Instacart,"Los Angeles, Los Angeles County",101525.93,101525.93,2025-12-04 16:10:00+00:00,IT Jobs
5528375671,"Machine Learning Engineer II, Logistics AI",Instacart,"Pensacola, Escambia County",94994.89,94994.89,2025-12-04 16:12:18+00:00,IT Jobs
5528362971,"Machine Learning Engineer II, Logistics AI",Instacart,"Louisville, Jefferson County",93645.91,93645.91,2025-12-04 16:10:00+00:00,IT Jobs
5528374293,"Machine Learning Engineer II, Logistics AI",Instacart,"Bowling Green, Warren County",96859.26,96859.26,2025-12-04 16:12:01+00:00,IT Jobs
5528363505,"Machine Learning Engineer II, Logistics AI",Instacart,"Rutland, Rutland County",96843.28,96843.28,2025-12-04 16:10:05+00:00,IT Jobs
5528373361,"Machine Learning Engineer II, Logistics AI",Instacart,"Kenner, Jefferson Parish",89373.66,89373.66,2025-12-04 16:11:46+00:00,IT Jobs
5528373330,"Machine Learning Engineer II, Logistics AI",Instacart,"Pearl City, Honolulu",101065.04,101065.04,2025-12-04 16:11:45+00:00,IT Jobs
5528376209,"Machine Learning Engineer II, Logistics AI",Instacart,"Barre, Washington County",97547.84,97547.84,2025-12-04 16:12:27+00:00,IT Jobs
5528388221,"Machine Learning Engineer II, Logistics AI",Instacart,"Wilmington, New Hanover County",98001.28,98001.28,2025-12-04 16:14:40+00:00,IT Jobs
5528374729,"Machine Learning Engineer II, Logistics AI",Instacart,"Richmond, Richmond County",93838.93,93838.93,2025-12-04 16:12:06+00:00,IT Jobs
5528363473,"Machine Learning Engineer II, Logistics AI",Instacart,"Berrien Springs, Berrien County",101772.25,101772.25,2025-12-04 16:10:05+00:00,IT Jobs
5528363230,"Machine Learning Engineer II, Logistics AI",Instacart,"Prairie View, Waller County",95784.6,95784.6,2025-12-04 16:10:03+00:00,IT Jobs
5528362962,"Machine Learning Engineer II, Logistics AI",Instacart,"Kearney, Buffalo County",91040.41,91040.41,2025-12-04 16:10:00+00:00,IT Jobs
5528363124,"Machine Learning Engineer II, Logistics AI",Instacart,"Rapid City, Pennington County",100244.7,100244.7,2025-12-04 16:10:02+00:00,IT Jobs
5528388756,"Machine Learning Engineer II, Logistics AI",Instacart,"Huntsville, Madison County",91919.2,91919.2,2025-12-04 16:14:46+00:00,IT Jobs
5528362959,"Machine Learning Engineer II, Logistics AI",Instacart,"Alamogordo, Otero County",86030.67,86030.67,2025-12-04 16:10:00+00:00,IT Jobs
5528362927,"Machine Learning Engineer II, Logistics AI",Instacart,"Jonesboro, Craighead County",96466.92,96466.92,2025-12-04 16:10:00+00:00,IT Jobs
5528363086,"Machine Learning Engineer II, Logistics AI",Instacart,"Nacogdoches, Nacogdoches County",97982.69,97982.69,2025-12-04 16:10:01+00:00,IT Jobs
5528362949,"Machine Learning Engineer II, Logistics AI",Instacart,"San Diego, San Diego County",106749.01,106749.01,2025-12-04 16:10:00+00:00,IT Jobs
5528379506,"Machine Learning Engineer II, Logistics AI",Instacart,"Kansas City, Wyandotte County",97267.57,97267.57,2025-12-04 16:13:02+00:00,IT Jobs
5528362813,"Machine Learning Engineer II, Logistics AI",Instacart,"Nashua, Hillsborough County",100858.89,100858.89,2025-12-04 16:09:59+00:00,IT Jobs
5528362941,"Machine Learning Engineer II, Logistics AI",Instacart,"Roswell, Chaves County",92998.19,92998.19,2025-12-04 16:10:00+00:00,IT Jobs
5528363126,"Machine Learning Engineer II, Logistics AI",Instacart,"Allendale, Ottawa County",98832.48,98832.48,2025-12-04 16:10:02+00:00,IT Jobs
5528362981,"Machine Learning Engineer II, Logistics AI",Instacart,"Carson City, Nevada",99506.52,99506.52,2025-12-04 16:10:00+00:00,IT Jobs
5528362944,"Machine Learning Engineer II, Logistics AI",Instacart,"Fargo, Cass County",94550.66,94550.66,2025-12-04 16:10:00+00:00,IT Jobs
5528363212,"Machine Learning Engineer II, Logistics AI",Instacart,"Lake Worth, Palm Beach County",100012.18,100012.18,2025-12-04 16:10:02+00:00,IT Jobs
5528363535,"Machine Learning Engineer II, Logistics AI",Instacart,"Geneseo, Livingston County",106646.54,106646.54,2025-12-04 16:10:05+00:00,IT Jobs
5528363141,"Machine Learning Engineer II, Logistics AI",Instacart,"Lincoln, Lancaster County",94626.34,94626.34,2025-12-04 16:10:02+00:00,IT Jobs
5528363137,"Machine Learning Engineer II, Logistics AI",Instacart,"Meridian, Lauderdale County",87314.57,87314.57,2025-12-04 16:10:02+00:00,IT Jobs
5528362928,"Machine Learning Engineer II, Logistics AI",Instacart,"Cranston, Providence County",98057.56,98057.56,2025-12-04 16:10:00+00:00,IT Jobs
5528363093,"Machine Learning Engineer II, Logistics AI",Instacart,"Menomonie, Dunn County",100103.88,100103.88,2025-12-04 16:10:01+00:00,IT Jobs
5528363108,"Machine Learning Engineer II, Logistics AI",Instacart,"Bismarck, Burleigh County",90523.12,90523.12,2025-12-04 16:10:02+00:00,IT Jobs
5528362979,"Machine Learning Engineer II, Logistics AI",Instacart,"Duluth, Saint Louis County",97006.43,97006.43,2025-12-04 16:10:00+00:00,IT Jobs
5528372685,"Machine Learning Engineer II, Logistics AI",Instacart,"Madison, Dane County",96406.68,96406.68,2025-12-04 16:11:36+00:00,IT Jobs
5332019933,Machine Learning Engineer with Security Clearance,OMW Consulting,"Washington, D.C., US",112781.25,112781.25,2025-08-01 09:43:56+00:00,IT Jobs
5592428852,Machine Learning Engineer with Security Clearance,Kruger Recruiting,"Washington, D.C., US",85239.32,85239.32,2026-01-20 11:09:48+00:00,IT Jobs
5626933987,Machine Learning Engineer,Eliassen Group,"Helena, Lewis and Clark County",70109.27,70109.27,2026-02-12 19:54:04+00:00,IT Jobs
5626954519,Machine Learning Engineer,Eliassen Group,"State House, Lancaster County",85116.17,85116.17,2026-02-12 20:05:36+00:00,IT Jobs
5626955555,Machine Learning Engineer,Eliassen Group,"Jackson, Hinds County",62984.32,62984.32,2026-02-12 20:06:12+00:00,IT Jobs
5626708805,Machine Learning Engineer,Eliassen Group,"Annapolis, Anne Arundel County",84493.27,84493.27,2026-02-12 16:26:11+00:00,IT Jobs
5626707508,Machine Learning Engineer,Eliassen Group,"La Cienga, Santa Fe County",94493.15,94493.15,2026-02-12 16:25:31+00:00,IT Jobs
5626934050,Machine Learning Engineer,Eliassen Group,"Augusta, Kennebec County",92264.0,92264.0,2026-02-12 19:54:07+00:00,IT Jobs
5626949311,Machine Learning Engineer,Eliassen Group,"Talcott Village, Hartford County",74276.68,74276.68,2026-02-12 20:03:51+00:00,IT Jobs
5626966065,Machine Learning Engineer,Eliassen Group,"Boise, Ada County",67831.93,67831.93,2026-02-12 20:09:42+00:00,IT Jobs
5626945535,Machine Learning Engineer,Eliassen Group,"Carson Mall, Carson City",72359.61,72359.61,2026-02-12 20:02:59+00:00,IT Jobs
5626977613,Machine Learning Engineer,Eliassen Group,"Cammack Village, Pulaski County",103239.66,103239.66,2026-02-12 20:16:35+00:00,IT Jobs
5626972322,Machine Learning Engineer,Eliassen Group,"Edgewood, Richland County",68374.11,68374.11,2026-02-12 20:14:31+00:00,IT Jobs
5626955912,Machine Learning Engineer,Eliassen Group,"Topeka, Shawnee County",70067.95,70067.95,2026-02-12 20:06:34+00:00,IT Jobs
5626963127,Machine Learning Engineer,Eliassen Group,"Bismarck, Burleigh County",65827.09,65827.09,2026-02-12 20:08:51+00:00,IT Jobs
5626963821,Machine Learning Engineer,Eliassen Group,"Wyoming, Kent County",86658.13,86658.13,2026-02-12 20:09:05+00:00,IT Jobs
5626960509,Machine Learning Engineer,Eliassen Group,"Urbanización El Vedado, San Juan",66704.55,66704.55,2026-02-12 20:07:58+00:00,IT Jobs
5626937550,Machine Learning Engineer,Eliassen Group,"Des Moines, Polk County",66699.08,66699.08,2026-02-12 19:58:06+00:00,IT Jobs
5626933636,Machine Learning Engineer,Eliassen Group,"Wake Island, Honolulu",63553.91,63553.91,2026-02-12 19:53:22+00:00,IT Jobs
5626983150,Machine Learning Engineer,Eliassen Group,"Oklahoma City, Oklahoma County",67641.36,67641.36,2026-02-12 20:17:35+00:00,IT Jobs
5626984470,Machine Learning Engineer,Eliassen Group,"Chisolm, Montgomery County",61169.29,61169.29,2026-02-12 20:17:50+00:00,IT Jobs
5626982368,Machine Learning Engineer,Eliassen Group,"Frankfort, Franklin County",74494.61,74494.61,2026-02-12 20:17:26+00:00,IT Jobs
5627009060,Machine Learning Engineer,Eliassen Group,"Nashville, Davidson County",71171.16,71171.16,2026-02-12 20:23:33+00:00,IT Jobs
5626988565,Machine Learning Engineer,Eliassen Group,"Phoenix, Maricopa County",65387.3,65387.3,2026-02-12 20:19:12+00:00,IT Jobs
5626991709,Machine Learning Engineer,Eliassen Group,"Cedar, Cole County",73174.59,73174.59,2026-02-12 20:20:05+00:00,IT Jobs
5626988287,Machine Learning Engineer,Eliassen Group,"Boston, Suffolk County",64801.15,64801.15,2026-02-12 20:19:04+00:00,IT Jobs
5626988358,Machine Learning Engineer,Eliassen Group,"Glendale, Denver",80928.55,80928.55,2026-02-12 20:19:06+00:00,IT Jobs
5626988095,Machine Learning Engineer,Eliassen Group,"Saint Paul, Ramsey County",67355.16,67355.16,2026-02-12 20:18:57+00:00,IT Jobs
5626988311,Machine Learning Engineer,Eliassen Group,"Trenton, Mercer County",72442.81,72442.81,2026-02-12 20:19:05+00:00,IT Jobs
5626948713,Machine Learning Engineer,Eliassen Group,"Salem, Marion County",65703.97,65703.97,2026-02-12 20:03:45+00:00,IT Jobs
5626957337,Machine Learning Engineer,Eliassen Group,"Archer, Laramie County",79535.02,79535.02,2026-02-12 20:07:01+00:00,IT Jobs
5626959576,Machine Learning Engineer,Eliassen Group,"Mongmong, Mongmong-Toto-Maite",77241.34,77241.34,2026-02-12 20:07:40+00:00,IT Jobs
5626945824,Machine Learning Engineer,Eliassen Group,"Concord, Merrimack County",101598.28,101598.28,2026-02-12 20:03:06+00:00,IT Jobs
5626977858,Machine Learning Engineer,Eliassen Group,"Baton Rouge, East Baton Rouge Parish",67038.34,67038.34,2026-02-12 20:16:37+00:00,IT Jobs
5626985863,Machine Learning Engineer,Eliassen Group,"Uptown, Marion County",84318.91,84318.91,2026-02-12 20:18:10+00:00,IT Jobs
5626987078,Machine Learning Engineer,Eliassen Group,"Lansing, Ingham County",72243.77,72243.77,2026-02-12 20:18:29+00:00,IT Jobs
5627009130,Machine Learning Engineer,Eliassen Group,"Five Points, Wake County",76833.01,76833.01,2026-02-12 20:23:36+00:00,IT Jobs
5627010826,Machine Learning Engineer,Eliassen Group,"Atlanta, Fulton County",96680.59,96680.59,2026-02-12 20:24:22+00:00,IT Jobs
5627030308,Machine Learning Engineer,Eliassen Group,"Pierre, Hughes County",103549.09,103549.09,2026-02-12 20:30:07+00:00,IT Jobs
5627029990,Machine Learning Engineer,Eliassen Group,"Providence, Providence County",70689.47,70689.47,2026-02-12 20:29:50+00:00,IT Jobs
5627029078,Machine Learning Engineer,Eliassen Group,"Grandview Heights, Franklin County",84964.51,84964.51,2026-02-12 20:29:10+00:00,IT Jobs
5627045422,Machine Learning Engineer,Eliassen Group,"Ny State Campus, Albany County",77129.31,77129.31,2026-02-12 20:35:15+00:00,IT Jobs
5627208935,Machine Learning Engineer,Eliassen Group,"Madison, Dane County",70105.45,70105.45,2026-02-12 23:16:45+00:00,IT Jobs
5627206274,Machine Learning Engineer,Eliassen Group,"Tumwater, Thurston County",69784.8,69784.8,2026-02-12 23:13:49+00:00,IT Jobs
5627203647,Machine Learning Engineer,Eliassen Group,"Bonnie, Utah County",70720.08,70720.08,2026-02-12 23:10:56+00:00,IT Jobs
5626964493,Machine Learning Engineer,Eliassen Group,"Washington, D.C., US",70017.86,70017.86,2026-02-12 20:09:16+00:00,IT Jobs
5627120296,Machine Learning Engineer,Eliassen Group,"Montpelier, Washington County",67309.7,67309.7,2026-02-12 21:44:05+00:00,IT Jobs
5627122318,Machine Learning Engineer,Eliassen Group,"Charleston, Kanawha County",70844.7,70844.7,2026-02-12 21:48:33+00:00,IT Jobs
5568772677,Machine Learning Engineer,Insight Global,"Campbell, Santa Clara County",142559.89,142559.89,2026-01-05 15:44:54+00:00,IT Jobs
5398306170,Machine Learning Engineer,JPMorgan Chase,"Grand Central, Manhattan",283809.6,283809.6,2025-09-13 18:14:02+00:00,IT Jobs
5551520600,Machine Learning Engineer,Microsoft Corporation,"Redmond, King County",95253.8,95253.8,2025-12-21 22:26:14+00:00,IT Jobs
5281596720,Machine Learning Engineer,Silvus Technologies,"Pico Heights, Los Angeles County",156394.27,156394.27,2025-07-03 10:51:00+00:00,Engineering Jobs
5550546394,Machine Learning Engineer,RTX Corporation,"Farmington, Hartford County",173354.05,173354.05,2025-12-20 19:25:48+00:00,IT Jobs
5619744625,Machine Learning Engineer,SAP,"Palo Alto, Santa Clara County",132058.77,132058.77,2026-02-07 16:16:29+00:00,IT Jobs
5630397532,Machine Learning Engineer,Capgemini,"Grand Central, Manhattan",116968.35,116968.35,2026-02-14 20:26:48+00:00,IT Jobs
5627203754,Machine Learning Engineer,Ford Motor Company,"Bonnie, Utah County",80274.03,80274.03,2026-02-12 23:11:05+00:00,IT Jobs
5627206316,Machine Learning Engineer,Ford Motor Company,"Tumwater, Thurston County",79212.33,79212.33,2026-02-12 23:13:55+00:00,IT Jobs
5570512431,Machine Learning Engineer,Reyes Holdings,"Huntington, Orange County",127118.42,127118.42,2026-01-06 15:33:19+00:00,IT Jobs
5619953482,Machine Learning Engineer,Cisco,"Grand Central, Manhattan",201852.0,201852.0,2026-02-07 20:10:07+00:00,IT Jobs
5626707743,Machine Learning Engineer,Ford Motor Company,"La Cienga, Santa Fe County",107258.62,107258.62,2026-02-12 16:25:39+00:00,IT Jobs
5626709235,Machine Learning Engineer,Ford Motor Company,"Annapolis, Anne Arundel County",95907.91,95907.91,2026-02-12 16:26:23+00:00,IT Jobs
5626934228,Machine Learning Engineer,Ford Motor Company,"Augusta, Kennebec County",104728.23,104728.23,2026-02-12 19:54:16+00:00,IT Jobs
5626949300,Machine Learning Engineer,Ford Motor Company,"Salem, Marion County",74580.2,74580.2,2026-02-12 20:03:51+00:00,IT Jobs
5626937599,Machine Learning Engineer,Ford Motor Company,"Des Moines, Polk County",75709.66,75709.66,2026-02-12 19:58:12+00:00,IT Jobs
5626934141,Machine Learning Engineer,Ford Motor Company,"Helena, Lewis and Clark County",79580.62,79580.62,2026-02-12 19:54:11+00:00,IT Jobs
5626965167,Machine Learning Engineer,Ford Motor Company,"Washington, D.C., US",79476.64,79476.64,2026-02-12 20:09:26+00:00,IT Jobs
5626964331,Machine Learning Engineer,Ford Motor Company,"Wyoming, Kent County",98365.43,98365.43,2026-02-12 20:09:13+00:00,IT Jobs
5626972555,Machine Learning Engineer,Ford Motor Company,"Edgewood, Richland County",77611.13,77611.13,2026-02-12 20:14:43+00:00,IT Jobs
5626960642,Machine Learning Engineer,Ford Motor Company,"Urbanización El Vedado, San Juan",75715.95,75715.95,2026-02-12 20:08:00+00:00,IT Jobs
5626933657,Machine Learning Engineer,Ford Motor Company,"Wake Island, Honolulu",72139.67,72139.67,2026-02-12 19:53:26+00:00,IT Jobs
5626983686,Machine Learning Engineer,Ford Motor Company,"Oklahoma City, Oklahoma County",76779.32,76779.32,2026-02-12 20:17:41+00:00,IT Jobs
5626982980,Machine Learning Engineer,Ford Motor Company,"Frankfort, Franklin County",84558.4,84558.4,2026-02-12 20:17:33+00:00,IT Jobs
5627009295,Machine Learning Engineer,Ford Motor Company,"Nashville, Davidson County",80786.05,80786.05,2026-02-12 20:23:44+00:00,IT Jobs
5627009976,Machine Learning Engineer,Ford Motor Company,"Five Points, Wake County",87212.95,87212.95,2026-02-12 20:24:02+00:00,IT Jobs
5626992033,Machine Learning Engineer,Ford Motor Company,"Cedar, Cole County",83059.98,83059.98,2026-02-12 20:20:11+00:00,IT Jobs
5626988732,Machine Learning Engineer,Ford Motor Company,"Phoenix, Maricopa County",74220.88,74220.88,2026-02-12 20:19:16+00:00,IT Jobs
5626988902,Machine Learning Engineer,Ford Motor Company,"Saint Paul, Ramsey County",76454.46,76454.46,2026-02-12 20:19:21+00:00,IT Jobs
5626988554,Machine Learning Engineer,Ford Motor Company,"Boston, Suffolk County",73555.34,73555.34,2026-02-12 20:19:12+00:00,IT Jobs
5627001643,Machine Learning Engineer,Ford Motor Company,"Uptown, Marion County",95710.0,95710.0,2026-02-12 20:22:39+00:00,IT Jobs
5626988389,Machine Learning Engineer,Ford Motor Company,"Jackson, Hinds County",71493.2,71493.2,2026-02-12 20:19:07+00:00,IT Jobs
5626987750,Machine Learning Engineer,Ford Motor Company,"Lansing, Ingham County",82003.41,82003.41,2026-02-12 20:18:48+00:00,IT Jobs
5626988518,Machine Learning Engineer,Ford Motor Company,"Trenton, Mercer County",82229.26,82229.26,2026-02-12 20:19:11+00:00,IT Jobs
5626978829,Machine Learning Engineer,Ford Motor Company,"Baton Rouge, East Baton Rouge Parish",76094.83,76094.83,2026-02-12 20:16:48+00:00,IT Jobs
5626949670,Machine Learning Engineer,Ford Motor Company,"Talcott Village, Hartford County",84310.95,84310.95,2026-02-12 20:03:59+00:00,IT Jobs
5626954844,Machine Learning Engineer,Ford Motor Company,"State House, Lancaster County",96614.96,96614.96,2026-02-12 20:05:45+00:00,IT Jobs
5626956204,Machine Learning Engineer,Ford Motor Company,"Topeka, Shawnee County",79533.8,79533.8,2026-02-12 20:06:43+00:00,IT Jobs
5626957565,Machine Learning Engineer,Ford Motor Company,"Archer, Laramie County",90279.74,90279.74,2026-02-12 20:07:05+00:00,IT Jobs
5626959675,Machine Learning Engineer,Ford Motor Company,"Mongmong, Mongmong-Toto-Maite",87676.12,87676.12,2026-02-12 20:07:42+00:00,IT Jobs
5626945951,Machine Learning Engineer,Ford Motor Company,"Carson Mall, Carson City",82134.98,82134.98,2026-02-12 20:03:08+00:00,IT Jobs
5626946433,Machine Learning Engineer,Ford Motor Company,"Concord, Merrimack County",115323.51,115323.51,2026-02-12 20:03:15+00:00,IT Jobs
5626978049,Machine Learning Engineer,Ford Motor Company,"Cammack Village, Pulaski County",117186.63,117186.63,2026-02-12 20:16:39+00:00,IT Jobs
5626963710,Machine Learning Engineer,Ford Motor Company,"Bismarck, Burleigh County",74719.88,74719.88,2026-02-12 20:09:02+00:00,IT Jobs
5626988512,Machine Learning Engineer,Ford Motor Company,"Glendale, Denver",91861.45,91861.45,2026-02-12 20:19:11+00:00,IT Jobs
5626985059,Machine Learning Engineer,Ford Motor Company,"Chisolm, Montgomery County",69432.97,69432.97,2026-02-12 20:17:58+00:00,IT Jobs
5627012682,Machine Learning Engineer,Ford Motor Company,"Atlanta, Fulton County",109741.58,109741.58,2026-02-12 20:25:02+00:00,IT Jobs
5627045763,Machine Learning Engineer,Ford Motor Company,"Ny State Campus, Albany County",87549.12,87549.12,2026-02-12 20:35:27+00:00,IT Jobs
5627029501,Machine Learning Engineer,Ford Motor Company,"Grandview Heights, Franklin County",96442.82,96442.82,2026-02-12 20:29:24+00:00,IT Jobs
5627030044,Machine Learning Engineer,Ford Motor Company,"Providence, Providence County",80239.2,80239.2,2026-02-12 20:29:52+00:00,IT Jobs
5627030356,Machine Learning Engineer,Ford Motor Company,"Pierre, Hughes County",117537.74,117537.74,2026-02-12 20:30:10+00:00,IT Jobs
5627208967,Machine Learning Engineer,Ford Motor Company,"Madison, Dane County",79576.3,79576.3,2026-02-12 23:16:51+00:00,IT Jobs
5627120311,Machine Learning Engineer,Ford Motor Company,"Montpelier, Washington County",76402.86,76402.86,2026-02-12 21:44:06+00:00,IT Jobs
5627122354,Machine Learning Engineer,Ford Motor Company,"Charleston, Kanawha County",80415.32,80415.32,2026-02-12 21:48:36+00:00,IT Jobs
5630882206,"Machine Learning Engineer, Computer Vision",Metropolis,"Seattle, King County",159227.05,159227.05,2026-02-15 10:43:56+00:00,Engineering Jobs
5607145466,Machine Learning Engineer 1 or 2,4P Consulting Inc.,"Atlanta, Fulton County",77678.81,77678.81,2026-01-30 23:53:46+00:00,IT Jobs
5582286924,Senior Machine Learning Engineer,Iterable,"Bee Cave, Travis County",138477.33,138477.33,2026-01-13 09:48:09+00:00,Engineering Jobs
5582286917,Senior Machine Learning Engineer,Iterable,"Highland Park, Dallas",147351.56,147351.56,2026-01-13 09:48:09+00:00,Engineering Jobs
5582286171,Senior Machine Learning Engineer,Iterable,"Textile Finance, Los Angeles County",159236.77,159236.77,2026-01-13 09:46:42+00:00,Engineering Jobs
5582286188,Senior Machine Learning Engineer,Iterable,"Northlake, DeKalb County",150943.33,150943.33,2026-01-13 09:46:42+00:00,Engineering Jobs
5582286691,Senior Machine Learning Engineer,Iterable,"Elkins Park, Montgomery County",181718.7,181718.7,2026-01-13 09:47:41+00:00,Engineering Jobs
5582286690,Senior Machine Learning Engineer,Iterable,"Trammells, Harris County",152874.0,152874.0,2026-01-13 09:47:41+00:00,Engineering Jobs
5582286485,Senior Machine Learning Engineer,Iterable,"San Diego, San Diego County",171693.28,171693.28,2026-01-13 09:47:11+00:00,Engineering Jobs
5582286487,Senior Machine Learning Engineer,Iterable,"Hayes Valley, San Francisco",160999.53,160999.53,2026-01-13 09:47:11+00:00,Engineering Jobs
5582286503,Senior Machine Learning Engineer,Iterable,"Grand Central, Manhattan",172792.53,172792.53,2026-01-13 09:47:12+00:00,Engineering Jobs
5582286686,Senior Machine Learning Engineer,Iterable,"Washington, Washington, D.C.",143823.31,143823.31,2026-01-13 09:47:41+00:00,Engineering Jobs
5582286665,Senior Machine Learning Engineer,Iterable,"South Boston, Suffolk County",169748.83,169748.83,2026-01-13 09:47:41+00:00,Engineering Jobs
5582286495,Senior Machine Learning Engineer,Iterable,"Schiller Park, Cook County",160050.39,160050.39,2026-01-13 09:47:12+00:00,Engineering Jobs
5582286479,Senior Machine Learning Engineer,Iterable,"Campbell, Santa Clara County",158281.86,158281.86,2026-01-13 09:47:11+00:00,Engineering Jobs
5582286238,Senior Machine Learning Engineer,Iterable,US,119163.7,119163.7,2026-01-13 09:46:43+00:00,Engineering Jobs
5332016935,Machine Learning Engineer with Security Clearance,"NewGen Technologies, Inc.","Fort Belvoir, Fairfax County",224209.75,224209.75,2025-08-01 09:43:22+00:00,IT Jobs
5623768676,Machine Learning Engineer with Security Clearance,"Maralyze, LLC","Pimmit, Fairfax County",210469.56,210469.56,2026-02-10 22:40:30+00:00,IT Jobs
5332016649,Machine Learning Engineer with Security Clearance,APK Solutions LLC,"Chantilly, Fairfax County",117609.5,117609.5,2025-08-01 09:43:18+00:00,IT Jobs
5332018092,Machine Learning Engineer with Security Clearance,SecureVision,"Sauget, Saint Clair County",106520.6,106520.6,2025-08-01 09:43:35+00:00,IT Jobs
5622227915,Machine Learning Engineer with Security Clearance,Ardent Principles,"Fairfax, Fairfax County",92455.75,92455.75,2026-02-10 00:20:39+00:00,IT Jobs
5624387849,Machine Learning Engineer with Security Clearance,Leading Path Consulting LLC,"Tysons Corner, Fairfax County",161102.89,161102.89,2026-02-11 11:05:34+00:00,IT Jobs
5572898452,Distinguished Machine Learning Engineer,Capital One,"Grand Central, Manhattan",185905.84,185905.84,2026-01-07 19:53:11+00:00,IT Jobs
